"input a","input b","pearson_corr","pearson_p"
[  4 -16 -24  36],[  7.25925926 -14.51851852 -29.77777778  37.03703704],0.9931312628220201,0.006868737177979867
