"system","wins","losses","best_worst_score","best_worst_scale","win_percentage"
"vae",1842,843,999,37.20670391061452,68.60335195530726
"lbow",1146,1539,-393,-14.63687150837989,42.68156424581006
"sep_ae",945,1740,-795,-29.608938547486037,35.19553072625698
"hrq",1437,1248,189,7.039106145251396,53.519553072625705
