"input a","input b","spearman_corr","spearman_p"
[  4 -16 -24  36],[  7.25925926 -14.51851852 -29.77777778  37.03703704],1.0,0.0
