"system","wins","losses","best_worst_scale","best_worst_score","win_percentage"
"vae",1842,843,37.20670391061452,999,68.60335195530726
"lbow",1146,1539,-14.63687150837989,-393,42.68156424581006
"sep_ae",945,1740,-29.608938547486037,-795,35.19553072625698
"hrq",1437,1248,7.039106145251396,189,53.519553072625705
